ID,Name,Email,Phone,Birthday,Day,Month,Year,Address,Note
1,Briana Smith,robert88@henry.info,956-554-5575x8752,12-05-1935,12,5,1935,"26455 Megan Shores
Daniellemouth, CA 44558",Nature enough sister world hotel identify clearly.
2,Valerie Anderson,heatherfisher@hotmail.com,674-614-6697x280,28-04-1953,28,4,1953,"85503 Regina Pine
Baileyport, VA 61838",Pay today energy child finally.
3,Samuel Robinson,mmendoza@flowers.com,7582834721,04-02-1949,4,2,1949,"1000 Dean Run
Morganview, IN 51177",Far goal professor field.
4,Edward Carr,jesusdavis@yahoo.com,(882)125-4886,14-08-1943,14,8,1943,"724 Mark Islands Suite 022
West Jessicachester, ND 83866",During pass happy time bill bad.
5,Lindsay Cunningham,jonathan84@gmail.com,(025)085-5765x6491,02-08-2004,2,8,2004,"8749 Christopher Dale Apt. 100
Brentport, WV 15292",Against sing film him hard practice.
6,Ethan Mendoza,mpowers@yahoo.com,+1-104-673-5204x9348,11-12-1966,11,12,1966,"05013 Taylor Landing Apt. 685
Velezville, LA 29647",Run majority television wide management.
7,Sagar Maru,sagarmaru@gmail.com,9665-16X-XXX,01-03-1987,1,3,1987,"Pune District
Maharashtra, Pune City - 411036",AI / ML with wide management knowledge.
8,Yvette Jones,xharris@gmail.com,039-592-7996,13-10-1983,13,10,1983,"877 Wheeler Squares
Santoshaven, MN 62073",So enough find television gas manage term.
9,Jamie Rodgers,rayjohn@pruitt.info,422-112-1308x6498,28-10-1989,28,10,1989,"89830 Jeffrey Coves
Aprilstad, SC 43154",And answer less summer hope first agent.
10,Linda Salazar,andreapalmer@gmail.com,350-199-6048,21-07-1976,21,7,1976,"970 Brenda Fords
Kyletown, FL 28480",Room record soldier.
11,Wendy Moody,cookbenjamin@hotmail.com,+1-749-451-6365x2579,26-06-2012,26,6,2012,"1427 Christine Street
Lake Cynthia, LA 73356",Could set option sort.
12,Jason Garrison,manningann@gmail.com,814.734.5301,12-06-1990,12,6,1990,"394 Jessica Villages
Clarkview, CO 53061",Service from city organization similar.
13,Robert Anderson,terrellsteven@gmail.com,001-465-582-9300x4682,14-08-1982,14,8,1982,"1699 Scott Avenue Apt. 545
Joshuafurt, MS 88517",Would most respond network baby.
14,Danielle Wagner,douglasjake@lloyd.com,853-938-1071x9844,14-05-2006,14,5,2006,"1506 Sheila Shores
Lake Moniquefurt, WA 71221",Option card avoid protect.
15,Susan Kim,jackmiller@wright-villa.com,001-420-261-7293,14-10-1941,14,10,1941,"369 Zamora Loaf Suite 815
Port Jessicaport, IA 62412",On participant voice head likely six.
16,Dominique Calhoun,martinsamuel@yahoo.com,001-484-917-7010x77895,19-05-1948,19,5,1948,"7523 Berry Parkway
North Tom, WV 02643",Friend sense sense long some shoulder.
17,Terry Jensen,johnsonmatthew@peterson.com,001-743-226-5464x8089,07-04-2000,7,4,2000,"40078 Dustin Branch Suite 231
East Sarah, ID 31337",Sense scene fill fight executive street boy country.
18,John Wallace,brownjohn@gmail.com,001-481-990-4332x915,28-07-2011,28,7,2011,"3229 Carter Freeway Apt. 564
West Robert, IA 24213",Light as realize part project.
19,Anthony Jenkins,smithrenee@williams.com,+1-904-952-6062x8274,25-09-1958,25,9,1958,"213 Terri Road
Donaldchester, VA 31173",Tend cause kitchen old position ball.
20,Elizabeth Guerrero,frank52@hotmail.com,+1-582-807-7108x370,15-04-1999,15,4,1999,"3406 Sanchez Freeway
Meganland, FL 86852",None white south ability.
21,Christina Ramirez,bmorris@hotmail.com,304.121.8261,02-02-1986,2,2,1986,"39568 Hendrix Village Apt. 115
Port Karen, IL 07052",Develop season do trip.
22,Connie Thomas,ericnolan@hotmail.com,(887)700-2651x88149,22-08-1989,22,8,1989,"5106 Curry Creek
Christineburgh, DC 19695",Attention mission work seem sea.
23,Gary Brooks,anthonyyoung@butler-henry.com,+1-736-326-6845x725,30-07-1968,30,7,1968,"198 Bishop Brooks Apt. 391
Christinamouth, WY 30325",Short soldier right responsibility among order inside.
24,Robert Mcgrath,quinnsusan@lopez-payne.net,250-067-4259x86706,24-02-1961,24,2,1961,"7899 Patrick Islands
Port Courtneyshire, NJ 57236",Cut Mrs teacher whatever player red physical total.
25,Kyle Sanchez,robertsmark@orozco.com,915.487.2092x397,14-01-1979,14,1,1979,"209 King Lake Suite 746
Garciafurt, AR 14662",Early national pull water worry give participant relationship.
26,Philip Garcia,steven79@benton-gonzalez.com,(874)036-7379x264,02-06-1955,2,6,1955,"USNV Suarez
FPO AP 68413",Mr natural expert begin loss rich company.
27,Isaac Lopez,cmartin@mcclure.com,(649)558-5050x557,06-01-1966,6,1,1966,"Unit 5662 Box 9321
DPO AE 83035",Office various difficult cover.
28,Cheryl Franklin,harold19@yahoo.com,792.796.8419,01-01-1984,1,1,1984,"Unit 8560 Box 3021
DPO AE 12469",Tell institution act two product easy.
29,Lauren Burgess,lisamyers@yahoo.com,907-328-3119,03-10-1950,3,10,1950,"127 Phillips Mountain
Carpentermouth, AZ 78546",Green finally director method hour.
30,Neil Anderson,jamestaylor@hotmail.com,-2483,29-09-1947,29,9,1947,"19520 Veronica Groves Apt. 419
Estradaburgh, ID 91507",Finish simple personal significant.
31,Sandra Edwards,lynnholmes@cortez-smith.com,001-303-269-5156x1996,18-05-1965,18,5,1965,"11686 Gomez Falls Apt. 362
South Sandratown, HI 73265",Administration exactly issue age country itself available.
32,Martha Marshall,mark82@kennedy-walker.com,590-136-7659x825,20-03-2012,20,3,2012,"38118 Ryan Islands Suite 835
Port Sheri, WA 18717",Serious seat choose quality generation tree maybe.
33,Amy Gardner,gibbscarolyn@hotmail.com,236.433.4794,22-03-1968,22,3,1968,"PSC 1451, Box 4500
APO AE 55697",They blood painting edge program hard.
34,Mrs. Renee Flores,rrogers@yahoo.com,7821884731,19-08-1943,19,8,1943,"PSC 7418, Box 6519
APO AP 57428",Short week social card window.
35,Stephanie Ortiz,carolinehowe@hotmail.com,001-299-056-3692x0751,17-10-1939,17,10,1939,"751 Brittney Forges Apt. 814
Lake Tiffany, MN 25962",Water wind oil region to kind truth.
36,Sandra Lane,ynelson@wong-payne.com,(146)702-1674x066,12-07-1954,12,7,1954,"64252 Barnes Burgs Suite 950
Cassandraport, AK 42153",Movement more than former several.
37,Sarah Jacobs,clewis@hotmail.com,+1-917-329-2051x689,14-03-2008,14,3,2008,"3391 Fields Shoal Suite 912
Choiberg, VA 35087",Work space capital especially every decision.
38,William Le,ericterry@hotmail.com,(310)786-5185x395,12-07-1969,12,7,1969,"3357 Jeremy Mills
Lake Markborough, NY 04748",Easy article policy official result.
39,Cynthia Monroe,jackallison@hotmail.com,001-451-472-6401,22-01-1940,22,1,1940,"901 Tiffany Vista Suite 472
Jamieville, WV 41550",All daughter start relationship result.
40,James Davis,jody79@west.biz,(991)376-7995,18-07-1979,18,7,1979,"03154 Nicholas Ports Apt. 933
Lisafurt, ID 90347",Wrong size society lay describe hear stock.
41,Christopher Gonzalez,valerierodriguez@jones-hays.com,(399)917-4233x97818,11-03-1979,11,3,1979,"3953 Taylor Drive Apt. 649
Kiddville, LA 57289",Arm wall song continue score write budget.
42,Erika Morales,tammy80@gmail.com,602.248.1780,04-10-1992,4,10,1992,"1687 Kimberly Lights
Banksborough, OR 56324",Indicate number game clear city natural.
43,Stephanie Gross,vincentwhite@gmail.com,(835)593-1601x963,16-05-1958,16,5,1958,"392 Michelle Harbor
New Stevenhaven, IN 72704",Trouble information amount above.
44,Mark Brandt,sanchezmichelle@gutierrez.info,801-344-3957,10-06-1986,10,6,1986,"PSC 6802, Box 6060
APO AP 41159",Little green cup ever start short.
45,Wayne Huber,steinerin@johnson.com,678.335.8988,25-09-1935,25,9,1935,"486 Jillian Spur
North Katherine, PA 17176",Stand American blue modern community somebody.
46,Christina Oliver,halexander@gmail.com,1705987889,17-08-1940,17,8,1940,"830 Rogers Streets Suite 911
Gardnerhaven, IL 82228",Your capital certain.
47,Robert Andrews,alexandra41@thomas.info,364.046.0459x368,04-04-1988,4,4,1988,"352 Yvette Plain
Kathrynview, PA 79310",Hospital surface thought property court leg southern.
48,Austin Bell,williamsdonald@williams.org,(419)192-1395,28-11-1955,28,11,1955,"06987 Ashley Causeway
East Sarahtown, LA 59741",Sometimes season throw role movie song order.
49,Kimberly Preston,danielleclarke@weiss.com,(685)164-0450,12-09-1999,12,9,1999,"894 Jones Burgs Suite 919
East Josestad, KS 32789",Time five huge example.
50,Hannah Callahan,david93@stewart-miller.com,100.035.6307x989,21-10-1993,21,10,1993,"5642 Richardson Brook Apt. 633
New Courtneyside, SD 04903",Dinner yourself reflect loss popular argue establish lay.
